"Fuzzy_sentiment_signal","MA_Signal","Bollinger"
-0.11666666666666661,0.3333333333333333,-0.16666666666666669
