"SentimentAgent","MAAgent","BollingerAgent"
-0.11666666666666667,0.3333333333333333,0.6833333333333333
