"SentimentAgent","MAAgent","BollingerAgent","RSIAgent"
-1.249000902703301e-16,0.2,0.15000000000000008,0.49999999999999994
-1.249000902703301e-16,0.2,0.15000000000000008,0.49999999999999994
-1.249000902703301e-16,0.2,0.15000000000000008,0.49999999999999994
-1.249000902703301e-16,0.2,0.15000000000000008,0.49999999999999994
-1.249000902703301e-16,0.2,0.15000000000000008,0.49999999999999994
