"MAAgent","RandomAgent","BollingerAgent"
0.46937219082861126,0.2814120805210909,0.9931760219983021
0.3319423701761378,0.8740375863955703,0.30225157754505483
0.7409991549704694,0.7388154906767278,0.4436605175606828
0.9246412706245455,0.8293454706960628,0.4436011113352559
0.49717171431242024,0.2539605809520308,0.6041938722118854
0.30162228818824843,0.11026888858345407,0.265486183427451
0.6470957076465144,0.23301419323282857,0.6343828642967995
