"MAAgent","RandomAgent"
0.8360126137829103,0.8309570527478525
