"MAAgent","RandomAgent"
0.4944002113164595,0.07518272236553658
0.3239223014389272,0.10767561282053162
0.25472139337293265,0.2716577557245894
