"MAAgent","RandomAgent","BollingerAgent"
0.5604484460158868,0.5790257743789433,0.019715186511641947
0.9193508335979963,0.4408070549384606,0.7967623502007468
0.970688916503993,0.5545196618344801,0.0032154861151796332
0.26750465107691734,0.9898049688456262,0.9583277651048773
