"MAAgent","RandomAgent"
0.4438207255307094,0.8590245416249586
0.8728229827961925,0.6332395691382626
