"MAAgent","RandomAgent"
0.08013384216175556,0.6209204757358434
