"MAAgent","RandomAgent"
0.813855990603727,0.24537120019796432
