"MAAgent","RandomAgent"
0.14646822426475536,0.5470452755994052
0.6153952136935364,0.47584051925213766
0.3399672219987111,0.8187397090730902
