"MAAgent","RandomAgent"
0.9285356026485373,0.913124297643922
0.6493220965220552,0.800084871353643
