"MAAgent","RandomAgent","BollingerAgent"
0.6525834798273025,0.4232460630418948,0.3577466163097305
0.7996215000899908,0.5045680959684279,0.077668586871397
