"MAAgent","RandomAgent"
0.965636814181284,0.6360943420538832
