"Fuzzy_sentiment_signal","MA_Signal","Bollinger"
-0.11666666666666667,0.3333333333333333,0.6833333333333333
