"MAAgent","RandomAgent","BollingerAgent"
0.22483518078943066,0.7179798015628336,0.3156940650400638
0.4928582930298021,0.25955443240028975,0.23169594301063734
