"MAAgent","RandomAgent"
0.8559707861244641,0.7462527598434968
0.8775893384393528,0.7222111455977288
0.41573206520112205,0.7791587473071582
